{
  "title": "Grupo VIP",
  "body": "Você ama e vive moda e estilo assim como a gente? Junte-se ao nosso Grupo VIP e aproveite benefícios exclusivos:\n\n💰 Descontos especiais e promoções incríveis em nossa ampla gama de calçados femininos.\n\n📢 Acesso a informações privilegiadas em primeira mão sobre novos produtos e lançamentos.\n\n👠 Dicas de moda e orientações sobre como combinar nossos produtos para maximizar seu estilo.\n\n👥 Conexão direta com nossa equipe para tirar dúvidas e receber recomendações personalizadas.\n\n<p><a href=\"https://chat.whatsapp.com/Bw1dxc1P8A1GcfTJX1SCTx\"><img src=\"https://cdn.awsli.com.br/2062/2062614/arquivos/botao-whatsapp.png\"></a></p><hr>\n\nTe esperamos em nosso grupo VIP!",
  "sections": [
    {
      "type": "breadcrumbs",
      "enabled": true
    },
    {
      "type": "page-title",
      "title": "Tenha Acesso a Promoções Imperdíveis e Exclusivas"
    },
    {
      "type": "extra-page",
      "enabled": true
    }
  ],
  "meta_title": "Grupo VIP - Kiwishoes",
  "meta_description": "Compre calçados com desconto em Vitória da Conquista"
}