{
  "categories_list": {
    "featured": [
      "/botas?Botas",
      "/tenis?Tênis",
      "/papetes?Papetes",
      "/sandalia?Sandálias",
      "/malas?Malas",
      "/outlet?Outlet"
    ],
    "random": 0,
    "full_width": true
  },
  "menu_all_departments": false,
  "centralized_logo": false,
  "marketing_stripe": {
    "text": "",
    "link": "https://kiwishoes.com.br/tenis-vizzano",
    "background": "#549e58"
  },
  "alphabetical_order_submenu": false,
  "name_all_departments": "",
  "search_input": true,
  "desktop_megamenu": false,
  "full_width_submenu": true,
  "contacts_stripe": {
    "pages": [
      {}
    ],
    "phone_wpp": false,
    "socials": false
  }
}