{
  "meta_title": "Kiwishoes - Loja de Calçados em Vitória da Conquista",
  "meta_description": "Encontre calçados femininos de qualidade a preços acessíveis na Kiwishoes em Vitória da Conquista! Desfrute de atendimento personalizado, parcelamento sem juros, frete grátis e descontos exclusivos. Renove seu estilo hoje mesmo!",
  "sections": [
    {
      "type": "banner-slider",
      "autoplay": 9000,
      "full_width": true,
      "slides": [
        {
          "start": "",
          "end": "",
          "img": "/img/uploads/banner-desktop.png",
          "mobile_img": "/img/uploads/banner-mobile.png",
          "link": "https://kiwishoes.com.br/club-21"
        },
        {
          "img": "/img/uploads/banner-vip-desktop.webp",
          "link": "https://kiwishoes.com.br/pages/grupo-vip",
          "alt": "",
          "start": "2024-07-17T19:23:34.385Z",
          "end": "2025-07-10T03:00:00.000Z",
          "mobile_img": "/img/uploads/banner-vip-mobile.webp"
        }
      ]
    },
    {
      "type": "info-bar",
      "enabled": true
    },
    {
      "type": "collection-shelf",
      "shuffle": false,
      "limit": 12,
      "page": 1,
      "collection_id": "66fb09ab9e4b2e07f51ffa7e:brands:Lynd:/tenis-lynd"
    },
    {
      "type": "collection-shelf",
      "shuffle": false,
      "limit": 12,
      "page": 1,
      "collection_id": "5f15b57514ff772fde80fc96:brands:Club 21:/club-21"
    },
    {
      "type": "collection-shelf",
      "shuffle": false,
      "limit": 12,
      "page": 1,
      "collection_id": "5f15b6a414ff772fde80fcb7:categories:Tênis:/tenis"
    },
    {
      "type": "collection-shelf",
      "shuffle": false,
      "limit": 12,
      "page": 1,
      "collection_id": "5f2ac341f023684cdbd77028:categories:Sandália:/sandalia"
    }
  ]
}